insert into movie_booking_system_users (user_id, name, hashed_passwd,display_name, role) values (1, "hello", "123456", "Tom likes movie", "USER");
insert into movie_booking_system_users (user_id, name, hashed_passwd,display_name, role) values (2, "admin", "123456", "SuperUser", "ADMIN");

insert into movie_booking_system_movies (movie_id, name, length, cover_img_url, director, introduction) values
(1, 'True Lies', 141, 'https://en.wikipedia.org/wiki/File:True_Lies_poster.png', 'James Cameron', 'True Lies is a 1994 American action comedy film written and directed by James Cameron. It stars Arnold Schwarzenegger as Harry Tasker, a U.S. government agent, who struggles to balance his double life as a spy with his familial duties, and Jamie Lee Curtis as his unknowing wife. Tom Arnold, Bill Paxton, Art Malik, Tia Carrere, Eliza Dushku, and Charlton Heston star in supporting roles. The screenplay is based on the 1991 French comedy film La Totale!.');

insert into movie_booking_system_movies (movie_id, name, length, cover_img_url, director, introduction) values
(2, 'Windtalkers', 134, 'https://upload.wikimedia.org/wikipedia/zh/0/06/Windtalkers_movie_poster_on_zh_Wikipedia.jpg', 'John Woo', 'Windtalkers is a 2002 American war film directed and co-produced by John Woo, starring Nicolas Cage and Adam Beach, with Peter Stormare, Noah Emmerich, Mark Ruffalo, and Christian Slater in supporting roles. It is based on the real story of code talkers from the Navajo nation during World War II.');

insert into movie_booking_system_movies (movie_id, name, length, cover_img_url, director, introduction) values
(3, 'Yamato', 145, 'https://upload.wikimedia.org/wikipedia/en/b/bd/Poster_YAMATO.jpg', "Junya Sato", 'Yamato (男たちの大和, Otoko-tachi no Yamato; literally "The Men''s Yamato") is a 2005 Japanese war film. It was directed by Junya Satō and is based on a book by Jun Henmi. With a framing story set in the present day, by flashbacks it tells the story of the crew of the World War II Japanese battleship Yamato, concentrating on the ship''s demise during Operation Ten-Go.');

insert into movie_booking_system_movies (movie_id, name, length, cover_img_url, director, introduction) values
(4, 'Gone with the Wind', 221, 'https://upload.wikimedia.org/wikipedia/commons/thumb/2/27/Poster_-_Gone_With_the_Wind_01.jpg/500px-Poster_-_Gone_With_the_Wind_01.jpg', 'Victor Fleming', 'Gone with the Wind is a 1939 American epic historical romance film adapted from the 1936 novel by Margaret Mitchell. The film was produced by David O. Selznick of Selznick International Pictures and directed by Victor Fleming. Set in the American South against the backdrop of the American Civil War and the Reconstruction era, the film tells the story of Scarlett O''Hara (Vivien Leigh), the strong-willed daughter of a Georgia plantation owner, following her romantic pursuit of Ashley Wilkes (Leslie Howard), who is married to his cousin, Melanie Hamilton (Olivia de Havilland), and her subsequent marriage to Rhett Butler (Clark Gable).');

insert into movie_booking_system_movies (movie_id, name, length, cover_img_url, director, introduction) values
(5, 'Spirited Away', 125, 'https://upload.wikimedia.org/wikipedia/en/d/db/Spirited_Away_Japanese_poster.png', 'Hayao Miyazaki', 'Spirited Away[b] is a 2001 Japanese animated fantasy film written and directed by Hayao Miyazaki. It was produced by Toshio Suzuki, animated by Studio Ghibli, and distributed by Toho.[7] The film stars Rumi Hiiragi, alongside Miyu Irino, Mari Natsuki, Takashi Naito, Yasuko Sawaguchi, Tsunehiko Kamijō, Takehiko Ono, and Bunta Sugawara. Spirited Away follows a young girl named Chihiro "Sen" Ogino, who moves to a new neighborhood and inadvertently enters the world of kami (spirits of Japanese Shinto folklore).[8] After her parents are turned into pigs by the witch Yubaba, Chihiro takes a job working in Yubaba''s bathhouse to find a way to free herself and her parents and return to the human world.');

insert into movie_booking_system_movies (movie_id, name, length, cover_img_url, director, introduction) values
(6, 'Castle in the Sky', 124, 'https://upload.wikimedia.org/wikipedia/en/f/f5/Castle_in_the_Sky_%281986%29.png', 'Hayao Miyazaki', 'Castle in the Sky,[a] also known as Laputa: Castle in the Sky, is a 1986 Japanese animated fantasy adventure film written and directed by Hayao Miyazaki. It was produced by Isao Takahata, animated by Studio Ghibli, and distributed by Toei. The film stars the voices of Mayumi Tanaka, Keiko Yokozawa, Kotoe Hatsui, and Minori Terada. In the film, orphans Sheeta and Pazu are pursued by government agent Muska, the army, and a group of pirates. They seek Sheeta''s crystal necklace, the key to accessing Laputa, a legendary flying castle hosting advanced technology.');

insert into movie_booking_system_movies (movie_id, name, length, cover_img_url, director, introduction) values
(7, '5 Centimeters per Second', 63, 'https://en.wikipedia.org/wiki/File:5_Centimeters_Per_Second.jpg', 'Makoto Shinkai', '5 Centimeters per Second (Japanese: 秒速5センチメートル, Hepburn: Byōsoku Go Senchimētoru) is a 2007 Japanese anthology romantic drama animated film written and directed by Makoto Shinkai. It theatrically premiered on 3 March 2007. The film consists of three segments, each following a period in the life of the protagonist Takaki Tōno and his relationships with the girls around him.');

insert into movie_booking_system_movies (movie_id, name, length, cover_img_url, director, introduction) values
(8, 'The Garden of Words', 46, 'https://upload.wikimedia.org/wikipedia/en/c/c3/Garden_of_Words_poster.png', 'Makoto Shinkai', 'The Garden of Words (Japanese: 言の葉の庭, Hepburn: Kotonoha no Niwa) is a 2013 Japanese anime drama film written, directed and edited by Makoto Shinkai, animated by CoMix Wave Films and distributed by Toho. It stars Miyu Irino and Kana Hanazawa, and features music by Daisuke Kashiwa instead of Tenmon, who had composed the music for many of Shinkai''s previous films. The theme song, "Rain", was originally written and performed by Senri Oe in 1988, but was remade for the film and was sung by Motohiro Hata. The film was made into a manga, with illustrations by Midori Motohashi, and later novelized by Shinkai, both in the same year as the film.');

insert into movie_booking_system_movies (movie_id, name, length, cover_img_url, director, introduction) values
(9, 'Weathering with You', 112, 'https://upload.wikimedia.org/wikipedia/en/6/66/Weathering_with_You_Poster.jpg', 'Makoto Shinkai', 'Weathering with You (Japanese: 天気の子, Hepburn: Tenki no Ko; lit. ''Child of Weather'') is a 2019 Japanese animated romantic fantasy film written and directed by Makoto Shinkai, produced by CoMix Wave Films and distributed by Toho. It follows a 16-year-old high school boy, Hodaka Morishima, who runs away from his troubled rural home to Tokyo, and later befriends Hina Amano, an orphaned girl who has the ability to control the weather.');

insert into movie_booking_system_movies (movie_id, name, length, cover_img_url, director, introduction) values
(10, 'Pacific Rim', 132, 'https://upload.wikimedia.org/wikipedia/en/f/f3/Pacific_Rim_FilmPoster.jpeg', 'Guillermo del Toro', 'Warner Bros. Pictures and Legendary Pictures Pacific Rim[5][6][7] (or simply Pacific Rim) is a 2013 American monster action film directed by Guillermo del Toro. The first film in the Pacific Rim franchise, it stars Charlie Hunnam, Idris Elba, Rinko Kikuchi, Charlie Day, Robert Kazinsky, Max Martini, and Ron Perlman. The screenplay was written by Travis Beacham and del Toro, from a story by Beacham. The film is set in the future, when Earth is at war with the Kaiju,[a] colossal sea monsters which have emerged from an interdimensional portal on the bottom of the Pacific Ocean. To combat the monsters, humanity unites to create the Jaegers,[b] gigantic humanoid mechas, each controlled by two co-pilots whose minds are joined by a mental link. Focusing on the war''s later days, the story follows Raleigh Becket, a washed-up Jaeger pilot called out of retirement and teamed with rookie pilot Mako Mori as part of a last-ditch effort to defeat the Kaiju.');

insert into rating_movie (
    movie_id,
    total_audit_rating,
    audit_rating_count,
    final_audit_rating,
    imdb_rating
) values (1, 0, 0, -1, 4.5);

insert into rating_movie (
    movie_id,
    total_audit_rating,
    audit_rating_count,
    final_audit_rating,
    imdb_rating
) values (2, 0, 0, -1, 3.5);


insert into rating_movie (
    movie_id,
    total_audit_rating,
    audit_rating_count,
    final_audit_rating,
    imdb_rating
) values ( 3, 0, 0, -1, 4.3);


insert into rating_movie (
    movie_id,
    total_audit_rating,
    audit_rating_count,
    final_audit_rating,
    imdb_rating
) values (4, 0, 0, -1, 4.2);


insert into rating_movie (
    movie_id,
    total_audit_rating,
    audit_rating_count,
    final_audit_rating,
    imdb_rating
) values (5, 0, 0, -1, 3.8);


insert into rating_movie (
    movie_id,
    total_audit_rating,
    audit_rating_count,
    final_audit_rating,
    imdb_rating
) values (6, 0, 0, -1, 4.1);


insert into rating_movie (
    movie_id,
    total_audit_rating,
    audit_rating_count,
    final_audit_rating,
    imdb_rating
) values (7, 0, 0, -1, 4.9);


insert into rating_movie (
    movie_id,
    total_audit_rating,
    audit_rating_count,
    final_audit_rating,
    imdb_rating
) values (8, 0, 0, -1, 4.4);


insert into rating_movie (
    movie_id,
    total_audit_rating,
    audit_rating_count,
    final_audit_rating,
    imdb_rating
) values (9, 0, 0, -1, 5.0);


insert into rating_movie (
    movie_id,
    total_audit_rating,
    audit_rating_count,
    final_audit_rating,
    imdb_rating
) values (10, 0, 0, -1, 4.3);

insert into theatre_info (
                theatre_id,
                theatre_name,
                theatre_address,
                theatre_address_lat,
                theatre_address_lon
) values (1, 'IMAX Theatre', "14211 Entertainment Way, Richmond, BC V6W 1K4",
    49.1355462, -123.0659002
);

insert into movie_booking_system_play (
    play_id,
    theatre_id,
    start_from,
    end_at,
    price,
    movie_id
) values (1, 1, "2025-08-31 13:00:00", "2025-08-31 16:00:00", 25.0, 1);
